--
-- PostgreSQL database dump
--

-- Dumped from database version 15.2
-- Dumped by pg_dump version 15.2

SET statement_timeout = 0;
SET lock_timeout = 0;
SET idle_in_transaction_session_timeout = 0;
SET client_encoding = 'UTF8';
SET standard_conforming_strings = on;
SELECT pg_catalog.set_config('search_path', '', false);
SET check_function_bodies = false;
SET xmloption = content;
SET client_min_messages = warning;
SET row_security = off;

SET default_tablespace = '';

SET default_table_access_method = heap;

--
-- Name: client; Type: TABLE; Schema: public; Owner: postgres
--

CREATE TABLE public.client (
    pk_client_id integer NOT NULL,
    nom_societe text,
    nom text,
    prenom text,
    gsm integer,
    fixe integer,
    email text NOT NULL,
    rue text NOT NULL,
    numero integer,
    status text NOT NULL,
    fk_commune_id integer NOT NULL
);


ALTER TABLE public.client OWNER TO postgres;

--
-- Name: Client_id_seq; Type: SEQUENCE; Schema: public; Owner: postgres
--

ALTER TABLE public.client ALTER COLUMN pk_client_id ADD GENERATED BY DEFAULT AS IDENTITY (
    SEQUENCE NAME public."Client_id_seq"
    START WITH 1
    INCREMENT BY 1
    NO MINVALUE
    NO MAXVALUE
    CACHE 1
);


--
-- Name: agenda; Type: TABLE; Schema: public; Owner: postgres
--

CREATE TABLE public.agenda (
    pk_activite_id integer NOT NULL,
    date date NOT NULL,
    heure_debut time without time zone,
    heure_fin time without time zone,
    nom text NOT NULL,
    description text
);


ALTER TABLE public.agenda OWNER TO postgres;

--
-- Name: agenda_pk_activite_id_seq; Type: SEQUENCE; Schema: public; Owner: postgres
--

ALTER TABLE public.agenda ALTER COLUMN pk_activite_id ADD GENERATED ALWAYS AS IDENTITY (
    SEQUENCE NAME public.agenda_pk_activite_id_seq
    START WITH 6
    INCREMENT BY 1
    NO MINVALUE
    NO MAXVALUE
    CACHE 1
);


--
-- Name: client_fk_commune_id_seq; Type: SEQUENCE; Schema: public; Owner: postgres
--

CREATE SEQUENCE public.client_fk_commune_id_seq
    AS integer
    START WITH 1
    INCREMENT BY 1
    NO MINVALUE
    NO MAXVALUE
    CACHE 1;


ALTER TABLE public.client_fk_commune_id_seq OWNER TO postgres;

--
-- Name: client_fk_commune_id_seq; Type: SEQUENCE OWNED BY; Schema: public; Owner: postgres
--

ALTER SEQUENCE public.client_fk_commune_id_seq OWNED BY public.client.fk_commune_id;


--
-- Name: commande; Type: TABLE; Schema: public; Owner: postgres
--

CREATE TABLE public.commande (
    pk_commande_id integer NOT NULL,
    fk_client_id integer NOT NULL,
    nom_commande text NOT NULL
);


ALTER TABLE public.commande OWNER TO postgres;

--
-- Name: commande_pk_commande_id_seq; Type: SEQUENCE; Schema: public; Owner: postgres
--

CREATE SEQUENCE public.commande_pk_commande_id_seq
    AS integer
    START WITH 1
    INCREMENT BY 1
    NO MINVALUE
    NO MAXVALUE
    CACHE 1;


ALTER TABLE public.commande_pk_commande_id_seq OWNER TO postgres;

--
-- Name: commande_pk_commande_id_seq; Type: SEQUENCE OWNED BY; Schema: public; Owner: postgres
--

ALTER SEQUENCE public.commande_pk_commande_id_seq OWNED BY public.commande.pk_commande_id;


--
-- Name: commune; Type: TABLE; Schema: public; Owner: postgres
--

CREATE TABLE public.commune (
    pk_commune_id integer NOT NULL,
    nom_commune text NOT NULL,
    code_postal integer NOT NULL,
    pays text
);


ALTER TABLE public.commune OWNER TO postgres;

--
-- Name: commune_pk_commune_id_seq; Type: SEQUENCE; Schema: public; Owner: postgres
--

CREATE SEQUENCE public.commune_pk_commune_id_seq
    AS integer
    START WITH 1
    INCREMENT BY 1
    NO MINVALUE
    NO MAXVALUE
    CACHE 1;


ALTER TABLE public.commune_pk_commune_id_seq OWNER TO postgres;

--
-- Name: commune_pk_commune_id_seq; Type: SEQUENCE OWNED BY; Schema: public; Owner: postgres
--

ALTER SEQUENCE public.commune_pk_commune_id_seq OWNED BY public.commune.pk_commune_id;


--
-- Name: devis; Type: TABLE; Schema: public; Owner: postgres
--

CREATE TABLE public.devis (
    pk_devis_id integer NOT NULL,
    prix_total numeric NOT NULL,
    description text,
    fk_commande_id integer,
    devis_numero integer NOT NULL,
    archiver boolean DEFAULT false NOT NULL,
    annee integer,
    date_creation date
);


ALTER TABLE public.devis OWNER TO postgres;

--
-- Name: devis_fk_commande_id_seq; Type: SEQUENCE; Schema: public; Owner: postgres
--

CREATE SEQUENCE public.devis_fk_commande_id_seq
    AS integer
    START WITH 1
    INCREMENT BY 1
    NO MINVALUE
    NO MAXVALUE
    CACHE 1;


ALTER TABLE public.devis_fk_commande_id_seq OWNER TO postgres;

--
-- Name: devis_fk_commande_id_seq; Type: SEQUENCE OWNED BY; Schema: public; Owner: postgres
--

ALTER SEQUENCE public.devis_fk_commande_id_seq OWNED BY public.devis.fk_commande_id;


--
-- Name: devis_pk_devis_id_seq; Type: SEQUENCE; Schema: public; Owner: postgres
--

ALTER TABLE public.devis ALTER COLUMN pk_devis_id ADD GENERATED ALWAYS AS IDENTITY (
    SEQUENCE NAME public.devis_pk_devis_id_seq
    START WITH 50
    INCREMENT BY 1
    MINVALUE 50
    NO MAXVALUE
    CACHE 1
);


--
-- Name: facture; Type: TABLE; Schema: public; Owner: postgres
--

CREATE TABLE public.facture (
    pk_facture_id integer NOT NULL,
    description text,
    fk_status_id integer NOT NULL,
    date_limite date,
    date_paiement date,
    fk_type_id integer NOT NULL,
    htva6 numeric NOT NULL,
    htva21 numeric NOT NULL,
    fk_commande_id integer,
    facture_numero integer NOT NULL,
    archiver_facture boolean DEFAULT false NOT NULL,
    payer boolean DEFAULT false NOT NULL,
    annee integer
);


ALTER TABLE public.facture OWNER TO postgres;

--
-- Name: facture_fk_commande_id_seq; Type: SEQUENCE; Schema: public; Owner: postgres
--

CREATE SEQUENCE public.facture_fk_commande_id_seq
    AS integer
    START WITH 1
    INCREMENT BY 1
    NO MINVALUE
    NO MAXVALUE
    CACHE 1;


ALTER TABLE public.facture_fk_commande_id_seq OWNER TO postgres;

--
-- Name: facture_fk_commande_id_seq; Type: SEQUENCE OWNED BY; Schema: public; Owner: postgres
--

ALTER SEQUENCE public.facture_fk_commande_id_seq OWNED BY public.facture.fk_commande_id;


--
-- Name: facture_pk_facture_id_seq; Type: SEQUENCE; Schema: public; Owner: postgres
--

ALTER TABLE public.facture ALTER COLUMN pk_facture_id ADD GENERATED ALWAYS AS IDENTITY (
    SEQUENCE NAME public.facture_pk_facture_id_seq
    START WITH 50
    INCREMENT BY 1
    NO MINVALUE
    NO MAXVALUE
    CACHE 1
);


--
-- Name: produits; Type: TABLE; Schema: public; Owner: postgres
--

CREATE TABLE public.produits (
    pk_produits_id integer NOT NULL,
    nom_produit text NOT NULL,
    prix numeric NOT NULL,
    tva integer
);


ALTER TABLE public.produits OWNER TO postgres;

--
-- Name: produits_devis; Type: TABLE; Schema: public; Owner: postgres
--

CREATE TABLE public.produits_devis (
    fk_devis_id integer,
    fk_produit_id integer NOT NULL,
    quantite numeric NOT NULL,
    detail text,
    fk_facture_id integer
);


ALTER TABLE public.produits_devis OWNER TO postgres;

--
-- Name: produits_pk_produits_id_seq; Type: SEQUENCE; Schema: public; Owner: postgres
--

ALTER TABLE public.produits ALTER COLUMN pk_produits_id ADD GENERATED ALWAYS AS IDENTITY (
    SEQUENCE NAME public.produits_pk_produits_id_seq
    START WITH 4
    INCREMENT BY 1
    NO MINVALUE
    NO MAXVALUE
    CACHE 1
);


--
-- Name: status_facture; Type: TABLE; Schema: public; Owner: postgres
--

CREATE TABLE public.status_facture (
    pk_status_facture_id integer NOT NULL,
    nom_status text NOT NULL
);


ALTER TABLE public.status_facture OWNER TO postgres;

--
-- Name: tache_principale; Type: TABLE; Schema: public; Owner: postgres
--

CREATE TABLE public.tache_principale (
    pk_tache_principale_id integer NOT NULL,
    titre text NOT NULL,
    finie boolean DEFAULT false NOT NULL,
    fk_commande_id integer NOT NULL,
    date date
);


ALTER TABLE public.tache_principale OWNER TO postgres;

--
-- Name: tache_principale_pk_tache_principale_id_seq; Type: SEQUENCE; Schema: public; Owner: postgres
--

ALTER TABLE public.tache_principale ALTER COLUMN pk_tache_principale_id ADD GENERATED ALWAYS AS IDENTITY (
    SEQUENCE NAME public.tache_principale_pk_tache_principale_id_seq
    START WITH 2
    INCREMENT BY 1
    NO MINVALUE
    NO MAXVALUE
    CACHE 1
);


--
-- Name: tache_secondaire; Type: TABLE; Schema: public; Owner: postgres
--

CREATE TABLE public.tache_secondaire (
    pk_tache_secondaire_id integer NOT NULL,
    titre text NOT NULL,
    finie boolean DEFAULT false NOT NULL,
    fk_tache_principale_id integer NOT NULL,
    date date
);


ALTER TABLE public.tache_secondaire OWNER TO postgres;

--
-- Name: tache_secondaire_pk_tache_secondaire_id_seq; Type: SEQUENCE; Schema: public; Owner: postgres
--

ALTER TABLE public.tache_secondaire ALTER COLUMN pk_tache_secondaire_id ADD GENERATED ALWAYS AS IDENTITY (
    SEQUENCE NAME public.tache_secondaire_pk_tache_secondaire_id_seq
    START WITH 3
    INCREMENT BY 1
    NO MINVALUE
    NO MAXVALUE
    CACHE 1
);


--
-- Name: type_facture; Type: TABLE; Schema: public; Owner: postgres
--

CREATE TABLE public.type_facture (
    pk_type_facture_id integer NOT NULL,
    nom_type text NOT NULL
);


ALTER TABLE public.type_facture OWNER TO postgres;

--
-- Name: user; Type: TABLE; Schema: public; Owner: postgres
--

CREATE TABLE public."user" (
    email text NOT NULL,
    password text NOT NULL,
    pk_user_id integer NOT NULL
);


ALTER TABLE public."user" OWNER TO postgres;

--
-- Name: user_pk_user_id_seq; Type: SEQUENCE; Schema: public; Owner: postgres
--

ALTER TABLE public."user" ALTER COLUMN pk_user_id ADD GENERATED ALWAYS AS IDENTITY (
    SEQUENCE NAME public.user_pk_user_id_seq
    START WITH 1
    INCREMENT BY 1
    NO MINVALUE
    NO MAXVALUE
    CACHE 1
);


--
-- Name: client fk_commune_id; Type: DEFAULT; Schema: public; Owner: postgres
--

ALTER TABLE ONLY public.client ALTER COLUMN fk_commune_id SET DEFAULT nextval('public.client_fk_commune_id_seq'::regclass);


--
-- Name: commande pk_commande_id; Type: DEFAULT; Schema: public; Owner: postgres
--

ALTER TABLE ONLY public.commande ALTER COLUMN pk_commande_id SET DEFAULT nextval('public.commande_pk_commande_id_seq'::regclass);


--
-- Name: commune pk_commune_id; Type: DEFAULT; Schema: public; Owner: postgres
--

ALTER TABLE ONLY public.commune ALTER COLUMN pk_commune_id SET DEFAULT nextval('public.commune_pk_commune_id_seq'::regclass);


--
-- Name: devis fk_commande_id; Type: DEFAULT; Schema: public; Owner: postgres
--

ALTER TABLE ONLY public.devis ALTER COLUMN fk_commande_id SET DEFAULT nextval('public.devis_fk_commande_id_seq'::regclass);


--
-- Name: facture fk_commande_id; Type: DEFAULT; Schema: public; Owner: postgres
--

ALTER TABLE ONLY public.facture ALTER COLUMN fk_commande_id SET DEFAULT nextval('public.facture_fk_commande_id_seq'::regclass);


--
-- Data for Name: agenda; Type: TABLE DATA; Schema: public; Owner: postgres
--

COPY public.agenda (pk_activite_id, date, heure_debut, heure_fin, nom, description) FROM stdin;
22	2023-08-07	14:30:00	16:30:00	Réunion	Avec didier
23	2023-08-09	\N	\N	test	test
24	2023-08-14	23:00:00	\N	rdv Pierre	\N
\.


--
-- Data for Name: client; Type: TABLE DATA; Schema: public; Owner: postgres
--

COPY public.client (pk_client_id, nom_societe, nom, prenom, gsm, fixe, email, rue, numero, status, fk_commune_id) FROM stdin;
11		fdghsf		0	0	dfgh@sdfg	qfgsd	0	test	22
12	s.a you			0	0			0	test	23
15				0	0			15646	test	26
16			toto de la cure du toit	0	0			0	test	27
18	test	fs	sf	470108459	0	louisguoit11@gmail.com	sqd	20	test	30
9	test	test	test	1	1	e	e	2	test	19
8	lol	lol	lol	2	1	lol@lol.com	lol	1	test	16
10	lol	lol	lol	470108459	10655748	lol@lol.com	de lol	10	test	21
19	lo	lo	lo	470845910	0	lol@lol.com	lo	1	test	31
14	ezrt	ezrt	ezrt	418151515	10655454	ertzrt@ert.br	ert zert 	457	test	25
20	dsfg	zer		0	10548574	dfsg@jo	rue louis fontaine 70b/1	0	test	36
13	s.a. cucu	non		0	0	sqdf@sqdf	sdfg	0	test	24
21	azer			0	0	lo@s.com	dfs	0	test	37
17	d	d	d	470108459	10655748	louis.guiot@gmail.com	rue de la fontaine	10	test	29
22	uh			487878787	0	sdg@sdgf	sd	2	test	38
23		toto		0	10458754	sdgf@d.sdfg	sdfg 708/1	0	test	39
24	uh			487878787	0	sdg@sdgf	sd	2	test	40
25		toto		0	10458754	sdgf@d.sdfg	sdfg 708/1	0	test	41
26	dsfg sg			154151154	0	s@u	r	0	test	42
27	dsfg sg			154151154	0	s@u	r	0	test	43
7	Louis Magazine	truc	Louis	470108459	10655748	louisguiot11@gmail.com	rue de la fontaine	10	test	15
\.


--
-- Data for Name: commande; Type: TABLE DATA; Schema: public; Owner: postgres
--

COPY public.commande (pk_commande_id, fk_client_id, nom_commande) FROM stdin;
46	7	Carte entreprise
47	18	test
48	18	test
49	18	test
50	7	lol
51	13	affiche vitrine pour
52	13	voiture  dcorer na
53	8	test
54	10	tructruc
55	18	lol
\.


--
-- Data for Name: commune; Type: TABLE DATA; Schema: public; Owner: postgres
--

COPY public.commune (pk_commune_id, nom_commune, code_postal, pays) FROM stdin;
18	re	4547	
20	sdfgsd	1545	
23		0	
27		0	
28	141	0	
16	test	1450	test
19	sdf	4515	test
17	lol	25	lol
21	lol	1450	lol
31	hg	1	gh
32	df	1	df
33	df	1	df
34	fg	1	fg
35	fg	1	fg
25	ert	1564	ezrt
26	dfg	15456	france
36	azer	1545	bel
24	dsfg	0	dg
15	Chastre	1450	France
22	fdtyh	1545	gfhj
37	gh	10	
29	Chastre	1450	Belgique
38	dfgs	4541	dsfh
40	dfgs	4541	dsfh
41	dsfg sdg	1545	
39	dsfg sdg	1545	tyuity
42	h	14	
43	h	14	
30	qsd	1450	qsd
\.


--
-- Data for Name: devis; Type: TABLE DATA; Schema: public; Owner: postgres
--

COPY public.devis (pk_devis_id, prix_total, description, fk_commande_id, devis_numero, archiver, annee, date_creation) FROM stdin;
64	4999950	\N	51	2	t	2023	2023-08-08
63	1225	\N	50	1	f	2023	2023-08-08
65	112.875	\N	51	3	f	2023	2023-08-10
66	497.81985	\N	54	4	f	2023	2023-08-10
\.


--
-- Data for Name: facture; Type: TABLE DATA; Schema: public; Owner: postgres
--

COPY public.facture (pk_facture_id, description, fk_status_id, date_limite, date_paiement, fk_type_id, htva6, htva21, fk_commande_id, facture_numero, archiver_facture, payer, annee) FROM stdin;
74		1	2023-08-19	2023-08-11	1	1886792.45	0	46	7	f	f	2023
75		1	2023-08-26	\N	1	0	457.77	46	8	f	f	2023
76		1	2023-08-19	\N	1	0	169.26	46	9	f	f	2023
77		1	2023-08-19	\N	1	0	169.26	46	10	f	f	2023
78		1	2023-08-19	\N	1	0	28	46	11	f	f	2023
79		1	2023-08-19	\N	1	0	169.26	46	9	f	f	2023
80		1	2023-08-19	\N	1	0	169.26	46	10	f	f	2023
81		1	2023-08-19	\N	1	0	28	46	11	f	f	2023
\.


--
-- Data for Name: produits; Type: TABLE DATA; Schema: public; Owner: postgres
--

COPY public.produits (pk_produits_id, nom_produit, prix, tva) FROM stdin;
55	yuiol	27	21
56	testtesttesttest	34	6
57	testtesttesttest	34	6
49	testlol	51	6
9	tortue	490	6
50	machin	20.48	21
58	affiche 120m2 80m long & 30m large, prix au m²	45.15	21
11	une petite tortue qui dit oui na no	50.4	21
53	ah testtesttesttest oiqsdjf qspodf )=qsà rgfùsdkfg=q)dàfg qooo=dfgklqdglmsldfg)=sdflg= )=dsf=ç=hs=mh	33.879	21
51	truc	20	21
52	truc	20	21
15	brol	1000000	6
54	yuiol	27	21
\.


--
-- Data for Name: produits_devis; Type: TABLE DATA; Schema: public; Owner: postgres
--

COPY public.produits_devis (fk_devis_id, fk_produit_id, quantite, detail, fk_facture_id) FROM stdin;
63	9	2.5	\N	\N
65	58	2.5	\N	\N
66	53	14.15	\N	\N
66	50	0.9	\N	\N
\N	15	2	\N	74
\N	58	10	\N	75
\N	50	5	\N	75
\N	50	10	\N	76
\N	50	10	\N	77
\N	53	1	\N	78
\N	50	10	\N	79
\N	50	10	\N	80
\N	53	1	\N	81
\.


--
-- Data for Name: status_facture; Type: TABLE DATA; Schema: public; Owner: postgres
--

COPY public.status_facture (pk_status_facture_id, nom_status) FROM stdin;
1	test
2	payé
3	non payé
\.


--
-- Data for Name: tache_principale; Type: TABLE DATA; Schema: public; Owner: postgres
--

COPY public.tache_principale (pk_tache_principale_id, titre, finie, fk_commande_id, date) FROM stdin;
148	test	f	51	2023-07-30
149	test2	f	51	2023-07-31
150	dessin affiche	f	51	1970-01-01
153	faire 10 cartes	t	49	1970-01-01
154	truc	f	49	1970-01-01
155	logo	f	46	2023-08-14
156	commander carte	f	46	2023-08-13
157	check cmd	f	46	2023-08-13
158	appeler client	f	46	2023-08-16
159	prout	f	46	1970-01-01
107	laver auto	f	52	2023-07-30
108	test	f	52	\N
109	decor	f	52	\N
110	toto	f	52	\N
111	huhu	f	52	\N
112	dfgsd	f	52	2023-08-01
118	1aout	f	50	2023-08-01
136	16aout	f	53	2023-08-12
138	20aout	f	54	2023-08-20
\.


--
-- Data for Name: tache_secondaire; Type: TABLE DATA; Schema: public; Owner: postgres
--

COPY public.tache_secondaire (pk_tache_secondaire_id, titre, finie, fk_tache_principale_id, date) FROM stdin;
170	17aout	f	136	2023-08-14
172	21aout	f	138	2023-08-21
179	faire dessin	t	150	2023-08-21
180	colorier dessin	f	150	2023-08-22
183	designer les cartes	f	153	2023-08-22
184	test	t	153	1970-01-01
185	internet	f	157	2023-08-14
186	caca	t	159	2023-08-15
161	testt	f	107	2023-08-13
162	test	f	108	\N
\.


--
-- Data for Name: type_facture; Type: TABLE DATA; Schema: public; Owner: postgres
--

COPY public.type_facture (pk_type_facture_id, nom_type) FROM stdin;
1	test
\.


--
-- Data for Name: user; Type: TABLE DATA; Schema: public; Owner: postgres
--

COPY public."user" (email, password, pk_user_id) FROM stdin;
louisguiot11@gmail.com	$argon2id$v=19$m=65536,t=3,p=4$HrJGN1Vkcw+kT1N8kV9GSA$CmIFTJ2i8kl84t04LspT8Eb6jP+IT6mM9Kl7hB6Nboo	2
\.


--
-- Name: Client_id_seq; Type: SEQUENCE SET; Schema: public; Owner: postgres
--

SELECT pg_catalog.setval('public."Client_id_seq"', 27, true);


--
-- Name: agenda_pk_activite_id_seq; Type: SEQUENCE SET; Schema: public; Owner: postgres
--

SELECT pg_catalog.setval('public.agenda_pk_activite_id_seq', 24, true);


--
-- Name: client_fk_commune_id_seq; Type: SEQUENCE SET; Schema: public; Owner: postgres
--

SELECT pg_catalog.setval('public.client_fk_commune_id_seq', 4, true);


--
-- Name: commande_pk_commande_id_seq; Type: SEQUENCE SET; Schema: public; Owner: postgres
--

SELECT pg_catalog.setval('public.commande_pk_commande_id_seq', 55, true);


--
-- Name: commune_pk_commune_id_seq; Type: SEQUENCE SET; Schema: public; Owner: postgres
--

SELECT pg_catalog.setval('public.commune_pk_commune_id_seq', 43, true);


--
-- Name: devis_fk_commande_id_seq; Type: SEQUENCE SET; Schema: public; Owner: postgres
--

SELECT pg_catalog.setval('public.devis_fk_commande_id_seq', 1, false);


--
-- Name: devis_pk_devis_id_seq; Type: SEQUENCE SET; Schema: public; Owner: postgres
--

SELECT pg_catalog.setval('public.devis_pk_devis_id_seq', 66, true);


--
-- Name: facture_fk_commande_id_seq; Type: SEQUENCE SET; Schema: public; Owner: postgres
--

SELECT pg_catalog.setval('public.facture_fk_commande_id_seq', 1, false);


--
-- Name: facture_pk_facture_id_seq; Type: SEQUENCE SET; Schema: public; Owner: postgres
--

SELECT pg_catalog.setval('public.facture_pk_facture_id_seq', 81, true);


--
-- Name: produits_pk_produits_id_seq; Type: SEQUENCE SET; Schema: public; Owner: postgres
--

SELECT pg_catalog.setval('public.produits_pk_produits_id_seq', 58, true);


--
-- Name: tache_principale_pk_tache_principale_id_seq; Type: SEQUENCE SET; Schema: public; Owner: postgres
--

SELECT pg_catalog.setval('public.tache_principale_pk_tache_principale_id_seq', 159, true);


--
-- Name: tache_secondaire_pk_tache_secondaire_id_seq; Type: SEQUENCE SET; Schema: public; Owner: postgres
--

SELECT pg_catalog.setval('public.tache_secondaire_pk_tache_secondaire_id_seq', 186, true);


--
-- Name: user_pk_user_id_seq; Type: SEQUENCE SET; Schema: public; Owner: postgres
--

SELECT pg_catalog.setval('public.user_pk_user_id_seq', 2, true);


--
-- Name: client Client_pkey; Type: CONSTRAINT; Schema: public; Owner: postgres
--

ALTER TABLE ONLY public.client
    ADD CONSTRAINT "Client_pkey" PRIMARY KEY (pk_client_id);


--
-- Name: agenda agenda_pkey; Type: CONSTRAINT; Schema: public; Owner: postgres
--

ALTER TABLE ONLY public.agenda
    ADD CONSTRAINT agenda_pkey PRIMARY KEY (pk_activite_id);


--
-- Name: devis devis_pkey; Type: CONSTRAINT; Schema: public; Owner: postgres
--

ALTER TABLE ONLY public.devis
    ADD CONSTRAINT devis_pkey PRIMARY KEY (pk_devis_id);


--
-- Name: facture facture_pkey; Type: CONSTRAINT; Schema: public; Owner: postgres
--

ALTER TABLE ONLY public.facture
    ADD CONSTRAINT facture_pkey PRIMARY KEY (pk_facture_id);


--
-- Name: commande pk_commande_id; Type: CONSTRAINT; Schema: public; Owner: postgres
--

ALTER TABLE ONLY public.commande
    ADD CONSTRAINT pk_commande_id PRIMARY KEY (pk_commande_id);


--
-- Name: commune pk_commune_id; Type: CONSTRAINT; Schema: public; Owner: postgres
--

ALTER TABLE ONLY public.commune
    ADD CONSTRAINT pk_commune_id PRIMARY KEY (pk_commune_id);


--
-- Name: produits produits_pkey; Type: CONSTRAINT; Schema: public; Owner: postgres
--

ALTER TABLE ONLY public.produits
    ADD CONSTRAINT produits_pkey PRIMARY KEY (pk_produits_id);


--
-- Name: status_facture status_facture_pkey; Type: CONSTRAINT; Schema: public; Owner: postgres
--

ALTER TABLE ONLY public.status_facture
    ADD CONSTRAINT status_facture_pkey PRIMARY KEY (pk_status_facture_id);


--
-- Name: tache_principale tache_principale_pkey; Type: CONSTRAINT; Schema: public; Owner: postgres
--

ALTER TABLE ONLY public.tache_principale
    ADD CONSTRAINT tache_principale_pkey PRIMARY KEY (pk_tache_principale_id);


--
-- Name: tache_secondaire tache_secondaire_pkey; Type: CONSTRAINT; Schema: public; Owner: postgres
--

ALTER TABLE ONLY public.tache_secondaire
    ADD CONSTRAINT tache_secondaire_pkey PRIMARY KEY (pk_tache_secondaire_id);


--
-- Name: type_facture type_facture_pkey; Type: CONSTRAINT; Schema: public; Owner: postgres
--

ALTER TABLE ONLY public.type_facture
    ADD CONSTRAINT type_facture_pkey PRIMARY KEY (pk_type_facture_id);


--
-- Name: user user_pkey; Type: CONSTRAINT; Schema: public; Owner: postgres
--

ALTER TABLE ONLY public."user"
    ADD CONSTRAINT user_pkey PRIMARY KEY (pk_user_id) INCLUDE (pk_user_id);


--
-- Name: facture facture_fk_status_id_fkey; Type: FK CONSTRAINT; Schema: public; Owner: postgres
--

ALTER TABLE ONLY public.facture
    ADD CONSTRAINT facture_fk_status_id_fkey FOREIGN KEY (fk_status_id) REFERENCES public.status_facture(pk_status_facture_id) NOT VALID;


--
-- Name: facture facture_fk_type_id_fkey; Type: FK CONSTRAINT; Schema: public; Owner: postgres
--

ALTER TABLE ONLY public.facture
    ADD CONSTRAINT facture_fk_type_id_fkey FOREIGN KEY (fk_type_id) REFERENCES public.type_facture(pk_type_facture_id) NOT VALID;


--
-- Name: commande fk_client_id; Type: FK CONSTRAINT; Schema: public; Owner: postgres
--

ALTER TABLE ONLY public.commande
    ADD CONSTRAINT fk_client_id FOREIGN KEY (fk_client_id) REFERENCES public.client(pk_client_id);


--
-- Name: facture fk_commande_id; Type: FK CONSTRAINT; Schema: public; Owner: postgres
--

ALTER TABLE ONLY public.facture
    ADD CONSTRAINT fk_commande_id FOREIGN KEY (fk_commande_id) REFERENCES public.commande(pk_commande_id);


--
-- Name: devis fk_commande_id; Type: FK CONSTRAINT; Schema: public; Owner: postgres
--

ALTER TABLE ONLY public.devis
    ADD CONSTRAINT fk_commande_id FOREIGN KEY (fk_commande_id) REFERENCES public.commande(pk_commande_id);


--
-- Name: client fk_commune_id; Type: FK CONSTRAINT; Schema: public; Owner: postgres
--

ALTER TABLE ONLY public.client
    ADD CONSTRAINT fk_commune_id FOREIGN KEY (fk_commune_id) REFERENCES public.commune(pk_commune_id);


--
-- Name: produits_devis fk_facture_id; Type: FK CONSTRAINT; Schema: public; Owner: postgres
--

ALTER TABLE ONLY public.produits_devis
    ADD CONSTRAINT fk_facture_id FOREIGN KEY (fk_facture_id) REFERENCES public.facture(pk_facture_id) NOT VALID;


--
-- Name: tache_secondaire pk_tache_principale_id; Type: FK CONSTRAINT; Schema: public; Owner: postgres
--

ALTER TABLE ONLY public.tache_secondaire
    ADD CONSTRAINT pk_tache_principale_id FOREIGN KEY (fk_tache_principale_id) REFERENCES public.tache_principale(pk_tache_principale_id) NOT VALID;


--
-- Name: produits_devis produits_devis_fk_devis_id_fkey; Type: FK CONSTRAINT; Schema: public; Owner: postgres
--

ALTER TABLE ONLY public.produits_devis
    ADD CONSTRAINT produits_devis_fk_devis_id_fkey FOREIGN KEY (fk_devis_id) REFERENCES public.devis(pk_devis_id);


--
-- Name: produits_devis produits_devis_fk_produit_id_fkey; Type: FK CONSTRAINT; Schema: public; Owner: postgres
--

ALTER TABLE ONLY public.produits_devis
    ADD CONSTRAINT produits_devis_fk_produit_id_fkey FOREIGN KEY (fk_produit_id) REFERENCES public.produits(pk_produits_id);


--
-- Name: tache_principale tache_principale_fk_commande_id_fkey; Type: FK CONSTRAINT; Schema: public; Owner: postgres
--

ALTER TABLE ONLY public.tache_principale
    ADD CONSTRAINT tache_principale_fk_commande_id_fkey FOREIGN KEY (fk_commande_id) REFERENCES public.commande(pk_commande_id) NOT VALID;


--
-- PostgreSQL database dump complete
--

